area|genero|edad|resultados|educacion|departamento|experiencia|salario|bonificacion
AnalisisFinanciero|F|24|1|Tecnologia|Gerencia|4|6002250|1644300
DesarrolloSoftware|M|18|4|Maestria|Operaciones|4|6710550|2731200
Ventas|F|29|3|Doctorado|Operaciones|2|4255875|1948500
Logistica|F|21|4|Maestria|Ventas|4|5777400|2617500
AnalisisdeDatos|M|28|4|Maestria|Administracion|5|7321875|2395500
Gerencia|F|60|4|Doctorado|Gerencia|3|12046050|2506200
AnalisisdeDatos|M|58|1|Doctorado|Ingenieria|5|9312450|1162500
AnalisisdeDatos|M|27|2|Profesional|Ingenieria|1|4343625|1375200
AnalisisFinanciero|F|53|3|Tecnologia|Gerencia|1|7027200|1508700
DesarrolloSoftware|M|62|1|Tecnologia|Ventas|3|9349500|660000
DisenoGrafico|M|35|5|Doctorado|Gerencia|3|6642450|2840700
DesarrolloSoftware|M|31|5|Doctorado|Ventas|2|6654300|2684700
Logistica|F|19|2|Profesional|Ventas|2|5946825|1500000
Gerencia|M|43|3|Doctorado|Gerencia|2|9146175|2021700
AnalisisdeDatos|M|56|1|Maestria|Administracion|2|7184850|759000
Ventas|M|19|3|Doctorado|Gerencia|4|7086900|2462700
Mercadeo|F|51|2|Tecnologia|Gerencia|2|5942775|1335900
AnalisisdeDatos|F|53|5|Maestria|Ingenieria|5|10012125|2565600
Informatica|M|50|2|Maestria|Gerencia|3|7578750|1163700
Logistica|M|64|2|Maestria|Operaciones|2|8453925|1014600
Almacen|F|63|5|Tecnologia|Ventas|2|7961850|2296200
Informatica|M|23|4|Doctorado|Administracion|1|4835100|2433900
Almacen|M|34|1|Maestria|Operaciones|1|3443625|1429500
DesarrolloSoftware|F|41|4|Doctorado|Ventas|1|6500625|2384100
Gerencia|M|30|1|Tecnologia|Ventas|5|10362225|1024500
Gerencia|F|47|1|Tecnologia|Gerencia|3|8018700|1187700
Logistica|M|58|2|Profesional|Ventas|4|8261775|1282500
Almacen|F|19|4|Profesional|Ventas|2|4863300|2712600
Almacen|M|28|5|Tecnologia|Ingenieria|2|4428300|2810400
DisenoGrafico|M|46|5|Tecnologia|Ingenieria|4|7705200|2920800
DisenoGrafico|M|26|5|Maestria|Ingenieria|5|7459800|2795700
AnalisisdeDatos|M|62|1|Doctorado|Administracion|3|9249975|1005900
Almacen|M|38|3|Tecnologia|Administracion|2|6168300|1806000
AnalisisdeDatos|M|29|4|Tecnologia|Ingenieria|3|4943025|2300400
AnalisisdeDatos|F|58|1|Doctorado|Gerencia|4|9109275|1416900
Logistica|F|18|5|Profesional|Gerencia|3|4706925|3037200
Mercadeo|F|49|4|Doctorado|Operaciones|5|7826625|2266500
AnalisisFinanciero|F|48|1|Profesional|Administracion|4|8552325|1353000
AnalisisFinanciero|M|50|2|Maestria|Operaciones|3|8670975|1164300
Almacen|M|24|5|Doctorado|Ventas|3|6390375|2937600
DesarrolloSoftware|M|50|3|Doctorado|Ventas|1|8964150|1395000
Mercadeo|F|18|2|Maestria|Gerencia|5|5647050|1948800
DesarrolloSoftware|M|45|2|Tecnologia|Gerencia|1|6113625|1500300
AnalisisdeDatos|M|37|1|Doctorado|Administracion|2|5912700|1076400
Almacen|F|58|1|Maestria|Gerencia|4|10058175|1255200
DesarrolloSoftware|M|19|5|Doctorado|Administracion|3|6661050|3045900
DisenoGrafico|M|61|4|Maestria|Ingenieria|2|7922400|1918200
Logistica|M|44|4|Tecnologia|Administracion|4|6249975|2133900
DisenoGrafico|F|44|4|Tecnologia|Administracion|4|7531200|2253900
DisenoGrafico|F|22|4|Maestria|Administracion|4|7203375|2738700
Mercadeo|F|56|2|Tecnologia|Ventas|3|6124575|1489500
Informatica|M|31|1|Maestria|Ventas|2|7001850|966900
Mercadeo|F|56|2|Tecnologia|Ingenieria|3|6661500|1286700
Logistica|M|59|3|Profesional|Operaciones|3|9011925|1279500
Gerencia|M|43|1|Doctorado|Gerencia|4|11446875|1410600
AnalisisdeDatos|F|63|2|Tecnologia|Administracion|5|8673075|1301700
DesarrolloSoftware|M|35|2|Maestria|Gerencia|3|8316450|1868400
AnalisisdeDatos|M|33|2|Tecnologia|Ingenieria|2|4039125|1494000
DisenoGrafico|F|18|4|Doctorado|Operaciones|3|5884650|2622900
DesarrolloSoftware|M|63|3|Doctorado|Ingenieria|2|10106775|1783200
Logistica|F|58|4|Tecnologia|Ventas|5|9804000|2173800
AnalisisdeDatos|M|40|2|Maestria|Gerencia|2|6576150|1245600
Logistica|M|63|4|Tecnologia|Ventas|2|7628700|1764300
Informatica|M|36|3|Maestria|Ingenieria|2|4891875|1938600
AnalisisFinanciero|F|20|1|Profesional|Gerencia|2|5768100|1426800
Gerencia|M|22|1|Profesional|Gerencia|2|7736700|1883100
DesarrolloSoftware|M|36|4|Maestria|Ingenieria|5|9811950|2908200
AnalisisdeDatos|F|33|2|Tecnologia|Operaciones|4|5918250|1778100
DisenoGrafico|M|22|4|Maestria|Ventas|2|4304850|2348100
DisenoGrafico|M|39|2|Maestria|Operaciones|5|8016225|1749300
Mercadeo|F|60|1|Profesional|Gerencia|4|8617950|1429800
Ventas|M|22|1|Tecnologia|Ventas|4|5294625|1570200
Ventas|F|47|3|Profesional|Administracion|4|7905750|1908900
Mercadeo|F|41|1|Doctorado|Gerencia|5|8144025|1282500
DesarrolloSoftware|M|21|4|Doctorado|Ingenieria|5|9961725|2887500
DesarrolloSoftware|M|40|2|Maestria|Ventas|1|9007200|1407000
DisenoGrafico|F|34|1|Profesional|Gerencia|4|7495650|1605600
Mercadeo|F|46|1|Profesional|Administracion|1|4120875|897300
AnalisisdeDatos|F|34|3|Doctorado|Administracion|1|6175875|2163300
Mercadeo|F|56|2|Maestria|Ventas|4|7465725|1332600
Almacen|F|41|3|Profesional|Ingenieria|3|6906000|2069100
AnalisisFinanciero|M|36|5|Maestria|Operaciones|1|5389350|2242500
Mercadeo|F|41|3|Tecnologia|Administracion|2|2772900|2117400
Logistica|M|31|2|Tecnologia|Administracion|4|4706475|1720500
Logistica|M|56|5|Maestria|Ventas|5|7564425|2516400
DesarrolloSoftware|M|36|2|Tecnologia|Administracion|4|6588600|1549800
Almacen|F|48|5|Profesional|Gerencia|5|8350650|3036600
AnalisisFinanciero|F|32|1|Tecnologia|Administracion|4|6303525|1404900
Ventas|F|31|3|Tecnologia|Operaciones|3|5795625|2126700
AnalisisFinanciero|F|21|4|Maestria|Operaciones|4|6898350|2594100
Gerencia|F|62|4|Maestria|Administracion|3|10950600|1870500
Almacen|F|59|2|Profesional|Gerencia|2|7008075|1649700
DesarrolloSoftware|M|60|1|Doctorado|Administracion|4|9543750|1278900
Almacen|F|25|3|Maestria|Ingenieria|4|6014400|2624100
Informatica|F|18|2|Maestria|Ventas|1|3431025|1467000
AnalisisFinanciero|F|47|5|Tecnologia|Ventas|5|10964250|2688300
DisenoGrafico|M|33|5|Maestria|Gerencia|3|6281850|2549400
Almacen|F|62|2|Doctorado|Ingenieria|2|7657950|1558500
AnalisisFinanciero|M|51|4|Doctorado|Operaciones|4|8529750|1973400
Logistica|M|21|1|Tecnologia|Ventas|2|4576350|1653900
DisenoGrafico|M|21|3|Maestria|Ingenieria|4|5422575|2517300
Logistica|F|34|2|Tecnologia|Gerencia|3|5040750|1698600
Logistica|M|38|5|Doctorado|Ingenieria|4|7722450|2693400
Informatica|M|63|5|Maestria|Operaciones|5|10010400|2606400
AnalisisFinanciero|F|62|1|Tecnologia|Operaciones|3|7613625|675300
Mercadeo|F|20|4|Profesional|Ventas|4|5194050|2582700
AnalisisdeDatos|F|48|5|Maestria|Gerencia|1|7508625|2303700
Informatica|F|29|4|Maestria|Gerencia|3|5440650|2432700
DesarrolloSoftware|M|47|2|Maestria|Operaciones|4|9467925|1618800
Informatica|F|59|1|Profesional|Ventas|3|8297025|612300
Ventas|M|23|3|Tecnologia|Ingenieria|3|6444600|2168700
AnalisisFinanciero|F|48|4|Maestria|Gerencia|5|9705450|2184000
Informatica|F|45|4|Profesional|Operaciones|2|5313450|2221200
Logistica|F|61|5|Doctorado|Ventas|4|9684900|2541600
Ventas|F|62|5|Profesional|Operaciones|2|6995100|2297100
DisenoGrafico|F|52|5|Profesional|Administracion|1|4989675|2120100
Mercadeo|F|59|1|Profesional|Ingenieria|1|4705350|796800
Logistica|M|33|1|Tecnologia|Gerencia|1|4461975|1186500
AnalisisFinanciero|M|47|2|Tecnologia|Gerencia|1|5148225|1402200
DesarrolloSoftware|M|55|2|Doctorado|Gerencia|3|9143250|1348200
Logistica|F|45|3|Doctorado|Gerencia|3|5752500|2172600
Ventas|M|18|1|Maestria|Administracion|3|4450050|1718700
DisenoGrafico|M|23|4|Tecnologia|Operaciones|1|3795075|2205300
Ventas|M|51|2|Tecnologia|Ingenieria|1|7201725|1244400
Gerencia|M|37|2|Doctorado|Operaciones|1|7561425|1617000
AnalisisFinanciero|M|31|2|Doctorado|Administracion|3|6209250|1747800
Mercadeo|F|24|3|Doctorado|Operaciones|4|4333650|2143200
AnalisisFinanciero|M|33|5|Maestria|Operaciones|1|5240850|2516700
DesarrolloSoftware|M|65|4|Tecnologia|Gerencia|5|11838900|2000700
DesarrolloSoftware|M|33|5|Doctorado|Administracion|2|6551400|2530500
AnalisisFinanciero|F|23|2|Profesional|Administracion|5|7615050|2058300
Mercadeo|F|50|3|Maestria|Ventas|5|7035375|1813200
Informatica|M|35|1|Profesional|Gerencia|4|7381725|1163700
Logistica|F|51|5|Profesional|Operaciones|1|5462025|2185500
AnalisisFinanciero|M|35|4|Doctorado|Operaciones|5|7417500|2388000
Gerencia|F|25|1|Maestria|Gerencia|5|8927475|1914300
DisenoGrafico|F|26|5|Doctorado|Ventas|3|5562525|3103800
Ventas|F|52|5|Maestria|Ingenieria|2|6309900|2161200
AnalisisFinanciero|F|63|3|Profesional|Ventas|2|7184625|1716900
Informatica|M|50|1|Profesional|Operaciones|3|6423600|818400
Informatica|F|44|2|Doctorado|Operaciones|5|9920025|1703700
DisenoGrafico|M|22|2|Tecnologia|Ventas|3|5431650|1709100
Gerencia|F|24|3|Doctorado|Ventas|3|7815150|2536800
Informatica|F|45|2|Doctorado|Ventas|4|8496225|1621200
Informatica|M|28|4|Tecnologia|Operaciones|3|4871850|2373000
Ventas|F|60|2|Doctorado|Ingenieria|5|9781275|1408200
AnalisisdeDatos|M|62|3|Doctorado|Ventas|3|8158350|1307100
AnalisisdeDatos|F|56|1|Profesional|Ingenieria|5|9437100|1188300
Almacen|M|37|2|Maestria|Administracion|1|6175725|1569600
Mercadeo|F|45|2|Tecnologia|Gerencia|2|4425450|1762800
DesarrolloSoftware|M|65|3|Tecnologia|Ventas|2|9196800|1249500
Almacen|F|30|5|Maestria|Administracion|5|6466500|2874900
Gerencia|M|30|1|Doctorado|Ingenieria|4|9387300|1766400
DisenoGrafico|F|45|1|Tecnologia|Gerencia|3|5626275|1672800
DisenoGrafico|M|30|1|Profesional|Operaciones|2|2748150|1316400
AnalisisdeDatos|F|32|4|Profesional|Gerencia|4|5896725|2703600
DisenoGrafico|M|18|4|Tecnologia|Ventas|4|5662950|2786700
DesarrolloSoftware|M|64|5|Tecnologia|Ventas|2|8867325|2232000
Mercadeo|F|64|1|Doctorado|Administracion|2|6393975|833100
AnalisisdeDatos|M|56|3|Maestria|Ingenieria|3|7362375|1641000
AnalisisdeDatos|M|57|1|Maestria|Ventas|3|8018850|954000
DesarrolloSoftware|M|29|3|Maestria|Operaciones|2|6907425|2173800
DisenoGrafico|F|20|5|Profesional|Ventas|4|5068875|3162300
DesarrolloSoftware|M|56|5|Doctorado|Administracion|5|10482000|2768700
Logistica|M|36|4|Doctorado|Operaciones|3|6615975|2574300
Mercadeo|F|33|1|Tecnologia|Gerencia|5|6093675|1453500
Ventas|M|58|5|Tecnologia|Ingenieria|5|10125975|2691600
Informatica|M|51|1|Tecnologia|Ingenieria|3|6695400|780000
Mercadeo|F|38|2|Tecnologia|Gerencia|5|5382900|1729200
AnalisisFinanciero|M|39|2|Profesional|Ventas|1|4620675|1121400
DisenoGrafico|F|50|3|Maestria|Administracion|1|5707725|1551900
Gerencia|M|59|4|Doctorado|Ventas|5|13259175|2031900
Mercadeo|F|22|4|Doctorado|Operaciones|1|2741100|2427000
Logistica|M|40|5|Profesional|Ingenieria|2|5159775|2345100
Informatica|F|26|1|Doctorado|Ventas|5|8382750|1603500
Informatica|F|46|5|Doctorado|Ventas|3|7668525|2492100
Gerencia|M|59|3|Profesional|Ingenieria|3|10043250|1738500
DesarrolloSoftware|M|59|1|Profesional|Ventas|5|12034500|879000
Almacen|F|35|5|Doctorado|Operaciones|4|7168800|2923500
Ventas|M|28|3|Profesional|Gerencia|3|6448950|2448000
AnalisisdeDatos|F|33|5|Maestria|Ventas|2|6706125|2896200
Almacen|F|37|3|Tecnologia|Ingenieria|5|6954150|2403000
DesarrolloSoftware|M|62|2|Doctorado|Ingenieria|3|10363800|1399200
Almacen|F|34|4|Tecnologia|Ventas|1|4212900|2321700
Gerencia|M|55|2|Profesional|Gerencia|5|11453250|1832100
Ventas|F|32|2|Doctorado|Administracion|2|6568875|1942800
DisenoGrafico|M|23|1|Doctorado|Gerencia|5|6862800|1540800
Ventas|M|63|5|Doctorado|Operaciones|4|9612975|2508000
Gerencia|M|38|2|Maestria|Gerencia|3|10132950|1519800
AnalisisdeDatos|F|39|4|Doctorado|Gerencia|3|6832425|2491800
Gerencia|M|62|5|Doctorado|Ingenieria|3|11285025|2430000
AnalisisFinanciero|M|53|5|Maestria|Administracion|3|8470575|2221200
Mercadeo|F|56|2|Tecnologia|Ventas|3|7199625|1213500
AnalisisFinanciero|F|30|4|Tecnologia|Operaciones|2|3025575|2196000
Almacen|F|53|5|Profesional|Ingenieria|5|9531375|2906100
Almacen|F|56|1|Profesional|Administracion|4|8004150|1213200
Ventas|M|56|1|Tecnologia|Gerencia|1|6614625|712500
Ventas|F|65|2|Doctorado|Ventas|5|10687875|1264200
Informatica|F|49|4|Profesional|Ingenieria|1|5685825|1656000
Ventas|F|24|2|Maestria|Gerencia|3|5739150|2070000
Logistica|F|61|2|Profesional|Gerencia|4|8135625|1346700
DesarrolloSoftware|M|36|1|Maestria|Operaciones|1|7039125|1229700
AnalisisFinanciero|F|45|2|Maestria|Administracion|5|9160650|1630500
DisenoGrafico|M|44|1|Maestria|Ingenieria|5|8086350|1584300
Mercadeo|F|26|2|Profesional|Operaciones|1|4714950|1534200
Mercadeo|F|59|1|Maestria|Ventas|3|6976350|819000
Gerencia|M|52|5|Tecnologia|Operaciones|2|7839450|2175900
Logistica|F|22|1|Tecnologia|Administracion|1|4501950|1381500
AnalisisdeDatos|M|30|2|Profesional|Operaciones|3|5437275|1935600
Informatica|F|62|4|Profesional|Gerencia|3|8334000|1960800
Almacen|F|19|4|Tecnologia|Operaciones|1|2776950|2590800
AnalisisFinanciero|M|38|4|Profesional|Gerencia|5|8581575|2233200
Almacen|M|34|5|Doctorado|Ingenieria|4|7820325|3053100
Mercadeo|F|64|4|Profesional|Ventas|5|7523700|1803000
DesarrolloSoftware|M|25|1|Tecnologia|Ingenieria|4|7738575|1369800
AnalisisdeDatos|F|64|2|Tecnologia|Ventas|1|6548550|1106400
AnalisisdeDatos|F|55|3|Maestria|Administracion|4|9237900|1739100
Informatica|M|62|3|Maestria|Ingenieria|4|8873550|1467600
Almacen|F|22|1|Doctorado|Operaciones|5|8604975|1887000
Almacen|M|35|1|Tecnologia|Administracion|2|5612175|1278900
Almacen|F|19|4|Doctorado|Administracion|5|6765600|2780400
AnalisisdeDatos|F|31|4|Tecnologia|Operaciones|2|4196550|2399700
Logistica|F|63|3|Tecnologia|Ventas|1|7835100|1339800
Ventas|M|19|1|Doctorado|Gerencia|3|5642850|1592400
DesarrolloSoftware|M|31|5|Tecnologia|Operaciones|3|6969600|2728200
Gerencia|M|20|2|Maestria|Operaciones|3|7513725|1908900
DisenoGrafico|M|24|5|Doctorado|Ingenieria|5|7669575|3063600
DesarrolloSoftware|M|29|4|Tecnologia|Ingenieria|1|5573700|2628300
DesarrolloSoftware|M|64|1|Maestria|Ventas|1|8220450|657900
Logistica|F|50|3|Profesional|Operaciones|2|6837000|1758900
Informatica|F|38|5|Profesional|Administracion|5|8429400|3151200
Ventas|M|63|5|Tecnologia|Ventas|1|6446100|2293800
Ventas|M|26|2|Tecnologia|Ventas|2|5896875|1221900
Mercadeo|F|36|3|Doctorado|Ventas|3|6206625|2197500
DisenoGrafico|M|22|2|Tecnologia|Ventas|3|5230050|1614900
Gerencia|M|60|4|Profesional|Ventas|2|11113350|2033100
Gerencia|F|53|4|Tecnologia|Operaciones|3|9741375|2194200
AnalisisFinanciero|M|20|2|Doctorado|Ingenieria|4|7920075|1782900
Almacen|M|56|3|Maestria|Administracion|2|5945550|1385400
AnalisisFinanciero|M|39|4|Doctorado|Gerencia|3|6555675|2150400
DesarrolloSoftware|M|25|1|Tecnologia|Administracion|4|6079275|1577700
AnalisisdeDatos|F|51|1|Doctorado|Ventas|5|10435575|1490700
Gerencia|M|59|2|Doctorado|Administracion|1|9358650|1385400
Mercadeo|F|49|4|Profesional|Ventas|4|7665075|2292000
Logistica|F|36|1|Maestria|Administracion|3|6613125|1501200
Logistica|F|38|3|Maestria|Gerencia|2|5831325|1966200
DisenoGrafico|F|49|4|Doctorado|Ingenieria|2|7137675|2224500
AnalisisFinanciero|M|65|2|Tecnologia|Administracion|1|7303200|667500
Mercadeo|M|49|3|Tecnologia|Administracion|4|6959775|1621500
Mercadeo|F|54|3|Doctorado|Ingenieria|5|8438025|2238000
Informatica|M|55|2|Maestria|Operaciones|1|6858525|958800
DesarrolloSoftware|M|36|4|Doctorado|Gerencia|3|8410050|2576100
Ventas|F|35|5|Profesional|Ingenieria|5|7989300|2982300
Ventas|M|62|3|Profesional|Gerencia|3|9721500|1682400
Logistica|F|21|2|Profesional|Ingenieria|5|6934350|2089800
DisenoGrafico|M|23|5|Maestria|Gerencia|3|6227325|3072000
Almacen|F|47|4|Profesional|Administracion|2|7122975|2365500
Mercadeo|F|27|4|Tecnologia|Ventas|4|6557625|2769000
Logistica|F|56|4|Doctorado|Ventas|3|7593675|2198700
DisenoGrafico|F|37|2|Maestria|Gerencia|3|7806150|1643100
Almacen|M|38|3|Profesional|Gerencia|3|6283050|2138100
Mercadeo|F|26|4|Profesional|Gerencia|3|4777125|2669100
Ventas|F|19|1|Profesional|Gerencia|4|6781950|1506000
Almacen|F|39|5|Profesional|Ingenieria|2|5818800|2939400
Informatica|M|40|4|Profesional|Administracion|5|8200875|2337300
Mercadeo|F|53|1|Maestria|Gerencia|4|8436675|1271100
DesarrolloSoftware|M|21|1|Tecnologia|Ingenieria|2|4898475|1405500
Logistica|F|51|1|Doctorado|Gerencia|2|7334175|1060800
Gerencia|M|32|3|Maestria|Gerencia|5|8856600|2316300
DisenoGrafico|F|44|1|Profesional|Ventas|3|6785550|1059000
AnalisisFinanciero|F|26|3|Profesional|Administracion|2|3642750|1981200
DisenoGrafico|F|33|1|Tecnologia|Ventas|1|4793550|1056300
Ventas|F|61|2|Tecnologia|Ventas|2|6248100|1095900
AnalisisdeDatos|F|55|2|Maestria|Ventas|5|10377375|1607700
DisenoGrafico|F|59|2|Profesional|Ingenieria|4|8650800|1448100
Ventas|F|51|5|Maestria|Gerencia|1|5409000|2725200
Almacen|M|33|3|Profesional|Administracion|1|5824125|1974300
Almacen|F|51|5|Tecnologia|Ventas|3|7985850|2623200
AnalisisdeDatos|M|31|3|Profesional|Operaciones|1|5642025|1808100
AnalisisFinanciero|M|59|5|Doctorado|Gerencia|1|6750150|2436900
AnalisisFinanciero|F|39|5|Profesional|Operaciones|1|5757975|2183400
Informatica|F|28|1|Tecnologia|Gerencia|1|3086325|1288800
AnalisisdeDatos|F|30|5|Profesional|Ingenieria|5|6905025|2951400
Almacen|M|39|4|Doctorado|Operaciones|3|5834475|2427900
Informatica|F|57|2|Tecnologia|Administracion|1|4860525|1166100
AnalisisFinanciero|F|30|5|Tecnologia|Ingenieria|5|8202675|3015600
AnalisisdeDatos|M|41|1|Profesional|Operaciones|5|5837925|1337400
DesarrolloSoftware|M|36|1|Maestria|Operaciones|1|6478125|1010400
AnalisisFinanciero|F|19|5|Profesional|Ventas|3|6300525|2697000
Ventas|F|47|1|Doctorado|Ingenieria|4|8748150|1386300
Gerencia|M|48|3|Doctorado|Operaciones|1|7954200|1248300
DesarrolloSoftware|F|36|1|Doctorado|Gerencia|1|5938275|1098300
Informatica|M|34|3|Profesional|Ventas|4|6829950|1877100
AnalisisdeDatos|M|38|5|Profesional|Administracion|5|7587975|2776500
DesarrolloSoftware|M|42|2|Profesional|Administracion|3|8552175|2052600
Gerencia|M|48|4|Doctorado|Ventas|4|10791525|2286600
AnalisisFinanciero|M|60|5|Tecnologia|Ingenieria|4|9129600|2379600
DesarrolloSoftware|M|32|1|Profesional|Ingenieria|5|9651000|1403100
Almacen|M|40|5|Maestria|Ventas|4|7711125|2727000
Ventas|M|24|5|Tecnologia|Administracion|1|4962600|2772600
AnalisisFinanciero|F|36|5|Maestria|Administracion|3|6946650|2552700
Informatica|M|33|2|Maestria|Ingenieria|5|7993800|1627800
Mercadeo|F|27|5|Doctorado|Gerencia|3|5501775|3100200
Mercadeo|F|38|1|Doctorado|Ingenieria|1|4037925|981000
Mercadeo|F|55|2|Profesional|Ventas|2|5244600|1443300
DisenoGrafico|M|62|5|Maestria|Ventas|1|6427650|1966800
DisenoGrafico|F|38|1|Tecnologia|Administracion|4|8328075|1118100
Almacen|F|25|4|Maestria|Operaciones|4|6926850|2883300
Mercadeo|F|23|3|Doctorado|Administracion|3|4654050|2086500
AnalisisFinanciero|M|18|5|Doctorado|Ingenieria|4|7299600|2962200
Ventas|M|49|2|Tecnologia|Operaciones|3|6850650|1354800
Almacen|F|24|3|Tecnologia|Gerencia|1|4846800|2475900
Logistica|F|55|3|Doctorado|Operaciones|2|7532475|1527000
DesarrolloSoftware|M|60|1|Tecnologia|Administracion|3|7953375|923700
Almacen|M|53|1|Profesional|Operaciones|4|9469200|1038900
DesarrolloSoftware|M|63|4|Tecnologia|Administracion|5|10533375|2371500
AnalisisdeDatos|F|46|3|Profesional|Administracion|3|8060700|1854600
Informatica|M|31|1|Profesional|Operaciones|1|3708675|1244700
Informatica|F|42|5|Profesional|Operaciones|2|6262425|2685000
Ventas|F|31|5|Profesional|Gerencia|1|3947475|2854800
AnalisisdeDatos|F|39|3|Maestria|Operaciones|3|6878325|2032500
DisenoGrafico|M|44|4|Tecnologia|Ventas|4|7658100|2501700
Mercadeo|F|40|1|Maestria|Ingenieria|4|7531125|1161300
Almacen|F|28|4|Maestria|Operaciones|1|4669500|2322000
Gerencia|M|33|4|Maestria|Ventas|1|6786150|2128200
DesarrolloSoftware|M|23|1|Doctorado|Gerencia|2|5959650|1401900
AnalisisFinanciero|F|36|4|Tecnologia|Administracion|5|8994825|2520000
Gerencia|M|31|2|Profesional|Operaciones|1|6019425|1437300
DisenoGrafico|M|55|4|Profesional|Ventas|2|5687475|2082600
Almacen|F|61|1|Maestria|Gerencia|3|9020775|1385100
Logistica|M|57|4|Profesional|Ventas|4|10183575|1812600
Gerencia|M|59|4|Profesional|Ingenieria|2|9525975|1837200
DesarrolloSoftware|M|36|2|Maestria|Administracion|2|7105875|1779000
Ventas|F|47|3|Profesional|Ingenieria|2|6370125|1836600
AnalisisdeDatos|F|43|2|Doctorado|Ventas|3|7983900|1603800
Gerencia|F|59|2|Tecnologia|Gerencia|2|10216125|1080900
Mercadeo|F|48|2|Tecnologia|Administracion|4|6490350|1263600
DisenoGrafico|F|22|3|Profesional|Operaciones|2|4271550|2265000
Informatica|M|55|5|Profesional|Ventas|3|7827075|2343900
Logistica|F|18|2|Maestria|Ventas|4|5386800|1919100
DisenoGrafico|M|63|5|Doctorado|Ingenieria|1|7935000|2346600
AnalisisdeDatos|M|45|1|Maestria|Operaciones|3|7821750|1042200
AnalisisFinanciero|M|47|5|Profesional|Operaciones|3|6892875|2284200
Ventas|F|44|2|Tecnologia|Ingenieria|3|6139950|1554900
DesarrolloSoftware|M|62|1|Tecnologia|Gerencia|3|8930175|836400
Ventas|M|57|1|Doctorado|Administracion|5|8477325|1022700
DisenoGrafico|M|53|2|Tecnologia|Operaciones|4|8029875|1095600
DisenoGrafico|F|33|5|Tecnologia|Ingenieria|5|8473200|2950800
AnalisisFinanciero|M|47|5|Profesional|Administracion|2|4863900|2406900
Mercadeo|M|21|5|Profesional|Gerencia|5|6516450|2827200
DesarrolloSoftware|M|29|5|Tecnologia|Gerencia|1|6190050|2674200
Gerencia|M|20|2|Doctorado|Operaciones|4|8464050|1969200
Mercadeo|F|34|5|Maestria|Ingenieria|1|3849825|2739000
AnalisisdeDatos|F|21|1|Doctorado|Ingeniería|2|4936200|2045100
DesarrolloSoftware|M|36|1|Tecnologia|Operaciones|5|8185200|1371600
DisenoGrafico|F|37|4|Profesional|Ingenieria|4|6705825|2856600
Informatica|M|52|5|Maestria|Ingenieria|1|6751800|2205000
DisenoGrafico|M|43|2|Doctorado|Gerencia|2|6154275|1580400
Informatica|F|26|2|Profesional|Ventas|3|6099375|1694100
Almacen|M|65|1|Tecnologia|Operaciones|2|8060925|615300
Informatica|F|56|3|Maestria|Gerencia|2|7634325|1824900
DesarrolloSoftware|M|39|4|Tecnologia|Ventas|4|8017200|2375400
AnalisisFinanciero|F|63|4|Maestria|Operaciones|1|7334775|1571700
AnalisisFinanciero|M|36|3|Doctorado|Operaciones|1|6980025|1530900
Gerencia|M|48|2|Doctorado|Ingenieria|4|11787675|1739400
Ventas|M|29|3|Maestria|Gerencia|2|4587300|1903800
AnalisisdeDatos|M|51|5|Doctorado|Operaciones|4|8304825|2592900
DesarrolloSoftware|F|22|4|Maestria|Operaciones|3|6602775|2684700
AnalisisdeDatos|F|22|5|Tecnologia|Ingenieria|3|5589225|2991600
Ventas|M|56|1|Tecnologia|Operaciones|1|6162300|783300
Logistica|M|31|5|Profesional|Gerencia|4|6212400|2987400
AnalisisdeDatos|F|37|4|Maestria|Ingenieria|2|7350750|2463000
AnalisisFinanciero|F|49|4|Maestria|Ventas|4|9496950|2143200
DisenoGrafico|M|60|4|Maestria|Ingenieria|1|7293000|1623600
AnalisisFinanciero|M|39|1|Profesional|Ingenieria|4|7473225|1136700
AnalisisdeDatos|F|49|3|Profesional|Ingenieria|4|9432750|2190300
Ventas|F|21|2|Profesional|Operaciones|5|6404850|2133900
Almacen|M|50|3|Maestria|Administracion|1|6795900|1773900
Ventas|F|57|2|Tecnologia|Gerencia|4|8790150|1520400
Gerencia|M|52|2|Tecnologia|Operaciones|2|8620725|1031400
Mercadeo|F|20|3|Doctorado|Ventas|5|4505250|2481900
DesarrolloSoftware|M|64|2|Doctorado|Ventas|5|11795775|1453200
Gerencia|M|60|3|Tecnologia|Gerencia|2|8392200|1679100
Ventas|F|52|1|Tecnologia|Ventas|3|7061550|1189200
Gerencia|M|21|2|Profesional|Administracion|5|9126150|2156700
Informatica|F|47|1|Doctorado|Operaciones|3|7460400|1182900
Informatica|F|22|5|Tecnologia|Ventas|4|7659000|3064500
Almacen|F|41|4|Maestria|Ingenieria|3|6674550|2661900
Almacen|F|51|4|Tecnologia|Gerencia|5|9103200|2349600
Logistica|F|31|5|Tecnologia|Ingenieria|2|4701900|2665800
DisenoGrafico|M|24|3|Profesional|Ingenieria|2|4454925|2007600
DesarrolloSoftware|M|43|4|Doctorado|Gerencia|5|7594650|2338200
Informatica|F|54|2|Maestria|Administracion|3|7273650|1425000
Mercadeo|F|34|4|Profesional|Administracion|1|3722400|2150700
Mercadeo|F|23|5|Doctorado|Administracion|3|3469725|2829600
DisenoGrafico|F|63|3|Profesional|Gerencia|5|9570600|1967400
DisenoGrafico|F|63|1|Profesional|Administracion|2|6115875|1025400
Gerencia|M|57|4|Maestria|Operaciones|3|10130475|2069400
Gerencia|M|37|1|Doctorado|Administracion|3|8670300|1229400
Informatica|M|36|1|Tecnologia|Ventas|4|8237400|1058400
Ventas|M|64|2|Tecnologia|Gerencia|3|9043425|1406100
Gerencia|M|42|3|Profesional|Ventas|4|9400425|1805700
Mercadeo|F|42|2|Profesional|Administracion|5|6627375|1400400
DesarrolloSoftware|M|25|5|Maestria|Ventas|5|8926800|3387900
AnalisisdeDatos|M|29|5|Doctorado|Administracion|5|7226625|2935200
DisenoGrafico|F|61|1|Maestria|Ingenieria|1|6827250|995400
AnalisisdeDatos|M|22|4|Tecnologia|Gerencia|2|3780075|2577000
Informatica|F|65|1|Maestria|Administracion|1|8020875|612300
AnalisisFinanciero|M|19|4|Maestria|Operaciones|2|4566900|2538600
Gerencia|M|57|3|Doctorado|Operaciones|5|11318550|1794600
Gerencia|M|62|4|Doctorado|Ingenieria|1|8823600|1429500
Ventas|F|61|3|Doctorado|Gerencia|4|9870600|1961100
Ventas|M|60|3|Tecnologia|Administracion|3|8009850|1560300
AnalisisFinanciero|M|49|5|Tecnologia|Ingenieria|4|7703700|2487000
Mercadeo|F|46|4|Doctorado|Ventas|2|5195100|2131800
DisenoGrafico|F|31|4|Profesional|Ingenieria|2|6136950|2512500
Ventas|M|55|4|Profesional|Administracion|3|8414100|2006700
Mercadeo|M|47|2|Doctorado|Ventas|3|6979050|1272900
AnalisisdeDatos|M|32|5|Doctorado|Gerencia|3|6534075|2610900
Gerencia|M|62|5|Profesional|Administracion|5|11805750|2352000
DisenoGrafico|M|22|5|Doctorado|Administracion|1|3014025|2564700
DesarrolloSoftware|M|65|5|Maestria|Ventas|1|10106850|2250000
AnalisisdeDatos|M|41|1|Tecnologia|Gerencia|5|8791125|1296600
AnalisisdeDatos|M|53|5|Tecnologia|Gerencia|2|7718250|2500500
Mercadeo|F|23|1|Tecnologia|Ventas|2|3580425|1448700
Informatica|F|27|1|Maestria|Administracion|2|4167000|1334700
AnalisisdeDatos|M|43|1|Doctorado|Administracion|4|8073000|1168800
Logistica|F|37|5|Maestria|Administracion|2|4875900|2507100
DisenoGrafico|F|20|1|Maestria|Operaciones|4|4167675|1570800
Gerencia|M|61|2|Profesional|Ventas|1|10262700|1221000
Mercadeo|M|27|4|Profesional|Gerencia|1|4111275|1955700
Almacen|M|25|1|Profesional|Operaciones|1|4874550|1293000
Logistica|F|31|3|Maestria|Ingenieria|2|4280250|1984500
Mercadeo|F|44|5|Tecnologia|Ventas|1|4310175|2261700
Logistica|M|49|4|Profesional|Ventas|5|7849275|2051700
AnalisisFinanciero|M|29|4|Tecnologia|Gerencia|4|6716925|2501400
AnalisisFinanciero|M|58|4|Profesional|Operaciones|4|9470175|1947000
DisenoGrafico|M|29|3|Doctorado|Operaciones|2|5273325|1870500
DesarrolloSoftware|M|21|5|Tecnologia|Gerencia|4|6875550|2934000
DesarrolloSoftware|M|30|2|Profesional|Administracion|5|5749050|2008800
AnalisisFinanciero|F|29|4|Maestria|Administracion|4|6603525|2537700
AnalisisFinanciero|M|27|2|Doctorado|Administracion|4|7435050|1876500
Logistica|F|41|5|Maestria|Administracion|1|5535075|2495100
DisenoGrafico|F|40|3|Profesional|Operaciones|1|4188375|1984800
AnalisisdeDatos|F|58|1|Tecnologia|Ventas|5|10575375|1015200
AnalisisFinanciero|M|20|3|Doctorado|Operaciones|3|5892300|2362500
DesarrolloSoftware|M|24|4|Maestria|Gerencia|1|5940600|2580600
DesarrolloSoftware|M|49|5|Maestria|Administracion|5|10657875|2895900
DisenoGrafico|M|31|5|Doctorado|Ingenieria|1|5209650|2661600
Informatica|M|64|1|Maestria|Ventas|1|6971250|637500
DesarrolloSoftware|M|18|4|Doctorado|Ingenieria|5|7314225|3072000
AnalisisFinanciero|M|20|4|Tecnologia|Operaciones|2|4887300|2348100
DisenoGrafico|F|26|5|Profesional|Ingenieria|2|5338650|3004500
Almacen|M|46|5|Doctorado|Ventas|1|5738775|2550600
Ventas|M|60|1|Profesional|Operaciones|3|8445300|1009800
DesarrolloSoftware|M|59|4|Maestria|Ingenieria|4|11687550|2130300
Ventas|M|63|2|Maestria|Ingenieria|3|10215675|1173000
Logistica|M|32|4|Doctorado|Ingenieria|4|6777600|2464500
DesarrolloSoftware|M|40|2|Tecnologia|Gerencia|2|7371075|1693800
AnalisisFinanciero|M|58|4|Maestria|Operaciones|3|7855800|1927500
Gerencia|F|45|1|Tecnologia|Ingenieria|5|11241975|1536000
Informatica|F|62|4|Profesional|Operaciones|2|7452675|2023800
Logistica|M|57|5|Profesional|Gerencia|1|5130225|2067900
DesarrolloSoftware|M|64|5|Tecnologia|Operaciones|2|8392725|2047200
Informatica|F|58|2|Tecnologia|Ventas|4|9363525|930000
Logistica|M|25|3|Doctorado|Ingenieria|5|6951525|2290200
AnalisisdeDatos|M|44|3|Tecnologia|Ventas|1|6275550|1456200
AnalisisdeDatos|M|26|1|Maestria|Operaciones|3|6789450|1257300
DesarrolloSoftware|M|26|4|Profesional|Administracion|2|5798175|2387100
AnalisisdeDatos|F|20|3|Tecnologia|Ingenieria|1|3004200|2289600
DesarrolloSoftware|M|21|5|Profesional|Gerencia|5|8135700|3338400
DesarrolloSoftware|M|45|4|Maestria|Operaciones|2|6735825|1941300
AnalisisFinanciero|M|45|2|Tecnologia|Administracion|2|6446025|1172700
Gerencia|F|45|2|Tecnologia|Gerencia|5|10810950|1902000
DesarrolloSoftware|M|40|5|Doctorado|Gerencia|4|8434950|2847900
Gerencia|M|23|4|Maestria|Ventas|3|7760925|2355000
Logistica|F|35|5|Profesional|Gerencia|1|5402850|2709300
DisenoGrafico|F|65|5|Tecnologia|Operaciones|4|9768825|2325000
AnalisisdeDatos|M|28|3|Maestria|Ventas|3|6213750|1738200
DisenoGrafico|M|44|3|Doctorado|Ventas|1|4995825|1777200
Informatica|F|48|5|Doctorado|Operaciones|3|6611400|2657100
Gerencia|F|32|2|Doctorado|Gerencia|2|8653725|1763400
AnalisisFinanciero|F|48|1|Profesional|Ingenieria|5|8929350|1211100
Gerencia|F|42|1|Tecnologia|Gerencia|2|8991975|1116300
Mercadeo|F|33|5|Tecnologia|Operaciones|2|3517725|2439000
DisenoGrafico|F|35|2|Tecnologia|Ingenieria|5|7332600|2169900
Mercadeo|F|23|1|Profesional|Ventas|2|4191375|1138500
Logistica|F|50|3|Tecnologia|Ingenieria|2|6459150|1888500
AnalisisdeDatos|F|27|1|Tecnologia|Administracion|5|7243800|1587900
Informatica|M|43|3|Profesional|Gerencia|1|5049225|1404000
Informatica|M|65|4|Maestria|Ventas|5|12392175|1951800
Ventas|F|34|3|Tecnologia|Ventas|4|8121600|2247300
Logistica|M|54|3|Doctorado|Ventas|2|8856975|1234500
DesarrolloSoftware|M|31|1|Profesional|Operaciones|4|7987725|1567500
Mercadeo|F|36|3|Maestria|Ventas|3|5791725|1581600
AnalisisdeDatos|M|32|3|Doctorado|Ventas|4|7793100|2432700
Informatica|F|34|5|Profesional|Operaciones|1|4068375|2473500
AnalisisFinanciero|M|39|3|Maestria|Ingenieria|4|8765625|1643700
Logistica|F|20|1|Profesional|Gerencia|3|4965225|1688100
AnalisisFinanciero|M|58|4|Profesional|Gerencia|4|9011550|2025300
Mercadeo|F|62|4|Profesional|Ventas|1|5818800|1357200
Gerencia|M|36|1|Tecnologia|Operaciones|2|8680650|1098300
AnalisisdeDatos|M|49|3|Profesional|Administracion|3|6999000|2170800
AnalisisFinanciero|F|23|5|Doctorado|Administracion|5|6631650|3230400
DisenoGrafico|M|65|4|Profesional|Gerencia|4|9252825|2079300
Ventas|M|28|3|Maestria|Administracion|5|8898975|2110800
Gerencia|F|57|1|Maestria|Operaciones|3|10882125|1166700
DesarrolloSoftware|M|40|5|Profesional|Gerencia|1|5122125|2370600
Mercadeo|F|55|3|Tecnologia|Administracion|1|4749525|1219800
Informatica|M|53|5|Doctorado|Gerencia|5|9512100|2793000
AnalisisdeDatos|F|37|2|Profesional|Ventas|5|7338450|2159400
DisenoGrafico|M|50|3|Maestria|Gerencia|1|6360225|1621800
DesarrolloSoftware|M|19|5|Maestria|Administracion|4|7522875|2885400
Informatica|F|32|2|Tecnologia|Ingenieria|1|4453275|1570800
AnalisisdeDatos|F|32|5|Doctorado|Ingenieria|1|3501975|2537100
Mercadeo|F|44|1|Tecnologia|Ingenieria|3|6847500|1104000
Mercadeo|F|27|5|Tecnologia|Gerencia|1|3324375|2660100
Mercadeo|F|53|5|Profesional|Administracion|1|4982850|2080500
AnalisisdeDatos|F|65|1|Doctorado|Operaciones|2|9092925|923400
Informatica|F|20|5|Doctorado|Operaciones|4|5316750|3037800
AnalisisFinanciero|F|36|3|Profesional|Ingenieria|2|4931250|1853100
Mercadeo|F|41|4|Profesional|Ventas|3|5549175|2634000
Mercadeo|F|34|5|Tecnologia|Ventas|5|7204575|2727900
DesarrolloSoftware|M|63|5|Profesional|Operaciones|2|9365325|2198100
DesarrolloSoftware|F|27|4|Tecnologia|Operaciones|1|4928325|2336700
DesarrolloSoftware|M|51|1|Profesional|Gerencia|2|8871150|1079700
DisenoGrafico|F|57|2|Maestria|Ventas|5|10030575|1477500
Gerencia|M|53|4|Profesional|Gerencia|1|9233550|2083800
Almacen|M|46|3|Tecnologia|Operaciones|4|6535050|1855200
AnalisisFinanciero|M|31|3|Doctorado|Ingenieria|1|5935650|1633500
AnalisisdeDatos|M|19|5|Tecnologia|Operaciones|2|4354050|2875500
Logistica|F|39|4|Doctorado|Operaciones|2|5692575|2220600
Informatica|M|33|3|Profesional|Gerencia|3|6656175|2229900
Mercadeo|F|64|1|Profesional|Administracion|5|8067900|932100
DisenoGrafico|F|63|2|Profesional|Operaciones|4|7965300|1360200
AnalisisdeDatos|F|36|3|Tecnologia|Operaciones|3|5739225|2136600
AnalisisdeDatos|F|45|3|Maestria|Ventas|5|9691950|2073600
DisenoGrafico|F|44|1|Maestria|Administracion|2|5418600|1090200
Mercadeo|F|65|3|Maestria|Administracion|5|7973625|1685400
AnalisisdeDatos|F|29|4|Profesional|Operaciones|1|4459350|2381700
Gerencia|M|27|3|Tecnologia|Operaciones|1|6244650|2065200
DisenoGrafico|F|39|4|Doctorado|Operaciones|5|9022050|2427000
Gerencia|M|46|4|Maestria|Ventas|1|8089425|2096700
Informatica|M|19|4|Profesional|Ingenieria|3|5858475|2800500
AnalisisFinanciero|M|64|3|Tecnologia|Administracion|3|9311325|1017600
AnalisisFinanciero|F|63|3|Doctorado|Ingenieria|3|9726225|1726200
Ventas|F|40|4|Maestria|Operaciones|5|6920700|2865300
Informatica|M|64|5|Doctorado|Gerencia|2|7357500|2238000
Mercadeo|F|26|1|Tecnologia|Gerencia|1|2743875|1311900
Almacen|M|22|5|Maestria|Ingenieria|2|4366425|2960400
Mercadeo|F|57|4|Profesional|Operaciones|3|5975550|2097900
AnalisisdeDatos|M|23|3|Tecnologia|Ventas|3|6292050|2076600
Mercadeo|F|28|1|Maestria|Ingenieria|5|5526375|1331700
Almacen|M|53|3|Doctorado|Ingenieria|5|9650175|2059800
Mercadeo|F|61|1|Tecnologia|Administracion|1|4698300|981000
Ventas|F|33|5|Tecnologia|Ingenieria|3|6227550|2652300
DesarrolloSoftware|F|57|2|Tecnologia|Ingenieria|1|7846725|1137300
DisenoGrafico|M|46|4|Tecnologia|Administracion|4|6642825|2239200
Almacen|M|45|4|Tecnologia|Operaciones|2|6369750|2074200
Informatica|F|41|5|Tecnologia|Operaciones|3|7501050|2586300
Logistica|M|24|2|Profesional|Gerencia|3|3892950|1882200
DesarrolloSoftware|M|42|3|Maestria|Ingenieria|5|9136575|1949700
Almacen|F|44|3|Tecnologia|Administracion|1|5950050|1951500
Mercadeo|F|59|1|Tecnologia|Operaciones|3|7409700|912600
Logistica|M|32|3|Maestria|Ingenieria|2|5202525|1913400
Logistica|F|19|1|Tecnologia|Operaciones|4|5693925|1683900
AnalisisFinanciero|F|52|5|Tecnologia|Ingenieria|2|7505250|2150700
Gerencia|M|55|1|Tecnologia|Administracion|1|9043050|804900
Ventas|F|27|2|Profesional|Operaciones|2|4978275|1740900
Gerencia|F|34|3|Maestria|Gerencia|2|7992000|2177100
Ventas|M|20|3|Profesional|Operaciones|1|2842350|1934400
Mercadeo|F|26|2|Tecnologia|Operaciones|3|4325400|1942800
AnalisisFinanciero|F|35|4|Maestria|Gerencia|2|5082150|2234700
Ventas|M|45|2|Tecnologia|Ingenieria|1|5047200|1434000
AnalisisFinanciero|M|29|1|Maestria|Operaciones|2|6354375|982200
Informatica|F|62|3|Profesional|Ventas|4|9477750|1809600
Mercadeo|F|64|5|Doctorado|Ventas|5|9672750|2203800
Gerencia|F|62|4|Maestria|Ventas|4|11640225|2342400
Mercadeo|F|31|1|Tecnologia|Ventas|3|3943350|1661400
Mercadeo|F|20|2|Profesional|Administracion|2|2895975|1823700
Logistica|F|61|2|Doctorado|Ingenieria|2|8029800|1260600
DisenoGrafico|F|55|3|Profesional|Ventas|5|8907150|1963500
DesarrolloSoftware|M|26|5|Doctorado|Operaciones|2|5134950|2515200
Mercadeo|F|52|3|Tecnologia|Ventas|3|7107225|1700400
AnalisisFinanciero|M|26|4|Profesional|Operaciones|4|7832625|2340600
Logistica|M|54|5|Doctorado|Administracion|4|8253675|2678400
Logistica|F|61|2|Profesional|Administracion|4|8582700|1274700
Almacen|M|58|5|Profesional|Ventas|4|10044525|2483400
Informatica|F|46|4|Tecnologia|Operaciones|3|7384200|2153100
Mercadeo|M|40|2|Doctorado|Ventas|5|8762550|1654800
Ventas|F|57|1|Maestria|Operaciones|3|7606725|1092300
Mercadeo|M|26|4|Tecnologia|Ingenieria|5|5834475|2610000
Gerencia|M|37|3|Maestria|Gerencia|1|9086325|1780200
Mercadeo|F|45|3|Maestria|Ventas|3|5572875|2137800
AnalisisFinanciero|F|47|1|Profesional|Operaciones|2|4747500|1096500
Gerencia|M|28|3|Profesional|Ventas|2|7934625|1853700
DesarrolloSoftware|M|22|5|Maestria|Gerencia|3|6112725|2918700
Informatica|M|43|5|Profesional|Operaciones|4|7388625|2727000
Logistica|M|65|1|Tecnologia|Operaciones|5|8760225|1029300
Logistica|F|62|4|Doctorado|Ingenieria|1|6658575|1923900
AnalisisdeDatos|F|57|4|Tecnologia|Gerencia|1|6536250|2044200
Informatica|F|60|3|Maestria|Gerencia|2|7844175|1360800
Almacen|F|50|4|Maestria|Ingenieria|5|8169150|2543100
DesarrolloSoftware|M|54|5|Doctorado|Administracion|4|9417900|2473500
Ventas|F|30|3|Tecnologia|Administracion|4|6867450|2098800
Almacen|M|64|4|Tecnologia|Operaciones|3|8758050|1848000
AnalisisFinanciero|M|43|1|Doctorado|Ventas|4|8153925|1242900
Mercadeo|M|47|5|Maestria|Operaciones|3|6488700|2414700
DesarrolloSoftware|M|58|4|Maestria|Ingenieria|5|11552925|2191200
Mercadeo|F|55|4|Tecnologia|Administracion|2|5402250|1670700
AnalisisdeDatos|F|29|4|Tecnologia|Ingenieria|3|6301575|2733300
Almacen|M|19|2|Tecnologia|Ventas|2|4794600|1499400
Logistica|M|42|3|Doctorado|Operaciones|4|8379450|1796700
Almacen|F|19|2|Maestria|Administracion|2|5851575|2091000
Mercadeo|F|55|4|Maestria|Operaciones|1|5384550|2005500
Informatica|F|26|5|Profesional|Administracion|2|4046700|2836200
Ventas|F|53|4|Maestria|Operaciones|5|9720675|2217600
Informatica|F|44|1|Tecnologia|Ventas|5|9855825|925200
AnalisisFinanciero|M|45|4|Tecnologia|Operaciones|2|5654775|1947000
Gerencia|M|22|2|Maestria|Operaciones|4|6805200|1865700
Almacen|M|25|3|Profesional|Administracion|1|5128800|2232900
DesarrolloSoftware|M|37|1|Tecnologia|Ventas|1|6116025|1053000
DisenoGrafico|M|19|4|Maestria|Ventas|1|4575000|2661600
Almacen|F|36|4|Profesional|Gerencia|3|5620350|2470200
Gerencia|F|32|5|Doctorado|Operaciones|1|7388925|2682900
Mercadeo|F|29|4|Maestria|Administracion|5|6736650|2645400
Informatica|M|55|5|Profesional|Gerencia|5|9582675|2640600
AnalisisFinanciero|M|22|3|Doctorado|Administracion|2|5199000|2029500
DisenoGrafico|F|47|1|Tecnologia|Operaciones|5|8154825|1437900
Mercadeo|F|65|1|Maestria|Administracion|1|6059175|565200
DesarrolloSoftware|F|28|3|Profesional|Ingenieria|5|8436825|2618100
Ventas|F|33|2|Profesional|Ingenieria|4|6556350|1929000
Informatica|M|58|4|Profesional|Gerencia|5|9845625|2099100
Informatica|M|28|4|Tecnologia|Administracion|5|7197300|2744100
Informatica|M|20|4|Doctorado|Ingenieria|2|5555475|2552700
AnalisisdeDatos|M|24|4|Maestria|Ventas|2|4555200|2361900
Gerencia|M|23|4|Doctorado|Administracion|1|6801375|2644800
DesarrolloSoftware|M|22|1|Profesional|Ventas|1|5093475|1213500
DisenoGrafico|F|18|5|Profesional|Operaciones|2|3177225|2981400
Logistica|M|34|4|Profesional|Administracion|5|6774750|2106600
Mercadeo|F|53|1|Maestria|Operaciones|1|4952100|1123500
Ventas|M|24|1|Doctorado|Operaciones|2|3887775|1341600
Almacen|M|33|1|Profesional|Ingenieria|5|7534875|1656000
AnalisisdeDatos|M|54|1|Profesional|Ventas|2|7298325|924900
AnalisisdeDatos|M|26|4|Tecnologia|Gerencia|3|6037050|2534700
Informatica|F|49|5|Profesional|Gerencia|3|8137125|2600400
Gerencia|M|32|3|Tecnologia|Operaciones|4|8822175|1887300
Mercadeo|F|49|5|Tecnologia|Ventas|2|7237500|2427600
Mercadeo|F|40|5|Maestria|Administracion|3|4653000|2416800
Informatica|M|18|4|Doctorado|Ventas|1|4223175|2267700
Mercadeo|M|25|3|Profesional|Operaciones|4|4916025|1959000
AnalisisdeDatos|F|45|5|Doctorado|Gerencia|5|8493900|3041700
DisenoGrafico|M|47|3|Profesional|Administracion|5|8016975|2387400
DisenoGrafico|M|56|2|Maestria|Gerencia|4|8553600|1529100
Informatica|M|18|5|Tecnologia|Ingenieria|1|3527700|2739000
DesarrolloSoftware|M|42|2|Profesional|Gerencia|1|7798350|1543800
Almacen|F|42|3|Maestria|Ingenieria|1|6750375|1989300
AnalisisFinanciero|M|40|3|Doctorado|Ventas|3|6654375|1872900
Almacen|M|36|5|Doctorado|Ingenieria|5|8133450|2763000
AnalisisFinanciero|F|18|2|Tecnologia|Operaciones|2|5020125|1952400
Gerencia|M|45|5|Tecnologia|Ingenieria|3|9256650|2668200
AnalisisdeDatos|M|28|3|Tecnologia|Gerencia|2|5103675|1998000
Almacen|F|41|5|Profesional|Operaciones|2|6183975|2869200
DisenoGrafico|M|34|5|Maestria|Gerencia|3|6507450|2952300
DesarrolloSoftware|M|32|2|Profesional|Operaciones|1|5345850|1410300
Ventas|F|41|2|Profesional|Ventas|1|4573725|1506600
Ventas|M|33|3|Maestria|Operaciones|5|7534725|1899600
Mercadeo|F|33|5|Tecnologia|Ingenieria|1|3737250|2562900
Almacen|F|57|5|Tecnologia|Ingenieria|3|7010250|2573400
DisenoGrafico|F|49|1|Tecnologia|Administracion|4|7217400|1109100
AnalisisdeDatos|F|53|2|Doctorado|Operaciones|2|7669875|1428000
Ventas|M|48|3|Maestria|Ingenieria|5|8515800|2051700
Mercadeo|F|46|3|Profesional|Gerencia|3|6468075|1744200
Almacen|M|49|3|Doctorado|Operaciones|4|7119525|1882200
DisenoGrafico|F|59|4|Doctorado|Gerencia|4|9432750|2403900
DesarrolloSoftware|M|64|2|Doctorado|Ingenieria|4|10430100|1237800
Ventas|M|46|2|Profesional|Gerencia|2|7162875|1364700
Ventas|M|58|4|Doctorado|Administracion|3|8916600|2231400
DisenoGrafico|M|53|5|Tecnologia|Operaciones|2|6980475|2456400
DesarrolloSoftware|M|18|3|Maestria|Ingenieria|2|6636150|2215500
Mercadeo|F|58|2|Tecnologia|Operaciones|1|4520325|1178100
Almacen|M|42|2|Doctorado|Operaciones|3|6750000|1432200
DesarrolloSoftware|M|51|2|Maestria|Ingenieria|3|9924225|1461600
Logistica|F|21|1|Doctorado|Gerencia|4|6687750|2016600
Gerencia|M|57|4|Maestria|Administracion|4|10739175|1896300
Ventas|F|35|2|Profesional|Gerencia|4|6534825|1906800
Informatica|M|19|5|Profesional|Administracion|4|5923950|2706900
DisenoGrafico|M|55|5|Maestria|Ingenieria|1|5935800|2498400
DesarrolloSoftware|M|20|5|Maestria|Ventas|4|8106000|3046200
AnalisisFinanciero|M|64|5|Tecnologia|Operaciones|3|7258275|2320800
AnalisisdeDatos|F|33|3|Profesional|Ventas|1|5534850|1867200
Logistica|F|55|2|Tecnologia|Ingenieria|3|7743150|1348500
DisenoGrafico|M|49|3|Maestria|Operaciones|5|9457500|1900800
DisenoGrafico|F|49|3|Doctorado|Ingenieria|4|9052275|2161500
Ventas|M|28|5|Doctorado|Administracion|1|3921750|2799000
Ventas|M|18|4|Tecnologia|Gerencia|4|6010125|2702100
DesarrolloSoftware|M|64|5|Profesional|Ventas|4|9044475|2271900
AnalisisFinanciero|F|49|2|Profesional|Operaciones|1|6966825|1073400
Mercadeo|F|48|1|Profesional|Operaciones|5|6492225|1324500
AnalisisdeDatos|F|24|4|Profesional|Administracion|4|5332875|2586900
Informatica|M|39|3|Tecnologia|Ingenieria|4|7000125|1572900
AnalisisdeDatos|M|61|1|Maestria|Administracion|5|9176400|1077000
Ventas|F|46|2|Maestria|Gerencia|2|6232125|1585200
DisenoGrafico|M|57|4|Maestria|Gerencia|4|9965475|2179800
Almacen|M|54|2|Maestria|Ingenieria|4|8874150|1567200
DesarrolloSoftware|M|27|4|Maestria|Ingenieria|1|4956300|2330700
Logistica|F|52|4|Tecnologia|Operaciones|1|5906325|1877400
Mercadeo|F|27|4|Tecnologia|Administracion|5|5064750|2793300
Gerencia|M|25|5|Profesional|Ingenieria|5|9848325|3320100
Informatica|F|43|3|Maestria|Gerencia|4|7076550|2115600
Logistica|F|28|4|Tecnologia|Gerencia|1|4800600|2155500
AnalisisdeDatos|F|57|4|Doctorado|Ventas|1|6803475|1965600
Almacen|F|22|2|Tecnologia|Ventas|5|6867600|2141700
DisenoGrafico|M|45|2|Maestria|Gerencia|2|7595475|1145100
DisenoGrafico|F|22|2|Maestria|Operaciones|4|8026875|1973100
Informatica|F|22|4|Maestria|Ventas|1|2833500|2532900
AnalisisFinanciero|M|48|1|Tecnologia|Operaciones|1|6926025|817200
Informatica|F|33|5|Profesional|Gerencia|4|6347850|2822700
Almacen|M|18|2|Profesional|Administracion|5|6397950|2320500
Mercadeo|F|64|5|Doctorado|Ventas|2|7176525|2183700
DesarrolloSoftware|M|20|2|Doctorado|Ingenieria|4|6921675|1992900
Mercadeo|F|52|1|Doctorado|Ventas|3|7327200|1166400
Logistica|M|53|1|Maestria|Ingenieria|5|9756150|1420200
AnalisisdeDatos|M|57|1|Maestria|Ventas|2|8173275|1070100
Ventas|F|24|1|Tecnologia|Administracion|2|5016525|1504200
Ventas|M|58|5|Doctorado|Ventas|2|9706875|2257200
Ventas|M|54|1|Profesional|Administracion|3|6935100|972600
Almacen|F|24|5|Profesional|Administracion|5|7465875|2984700
Informatica|F|38|4|Tecnologia|Ventas|2|5694900|2100900
AnalisisdeDatos|M|19|2|Doctorado|Gerencia|5|6012825|1936200
Informatica|M|20|2|Doctorado|Gerencia|1|3721650|1635600
AnalisisFinanciero|F|20|3|Tecnologia|Operaciones|3|4678275|2099700
Almacen|F|34|2|Doctorado|Gerencia|5|8585925|2010000
Logistica|M|25|3|Profesional|Ingenieria|1|3230700|1748700
DisenoGrafico|M|65|5|Maestria|Operaciones|5|8756325|2551500
AnalisisdeDatos|M|18|5|Tecnologia|Operaciones|2|4139175|2821500
AnalisisdeDatos|F|33|3|Tecnologia|Administracion|3|5395950|1915800
Mercadeo|F|24|3|Tecnologia|Ingenieria|3|3697725|1984500
Mercadeo|F|35|4|Maestria|Ventas|2|4410525|2194800
Gerencia|M|21|4|Tecnologia|Ingenieria|3|7733025|2710800
Ventas|M|51|3|Doctorado|Operaciones|4|8305950|1784100
AnalisisFinanciero|M|30|5|Maestria|Ventas|1|6271500|2359200
Gerencia|F|28|1|Tecnologia|Ingenieria|4|7824675|1488600
AnalisisdeDatos|M|41|3|Maestria|Administracion|4|7823550|1983300
AnalisisFinanciero|F|49|1|Doctorado|Ingenieria|1|5031675|923400
Ventas|F|18|1|Maestria|Ingenieria|1|4869000|1490100
AnalisisdeDatos|F|41|2|Doctorado|Ingenieria|2|7377450|1919400
Mercadeo|F|58|3|Maestria|Operaciones|5|8244825|1763400
Gerencia|M|21|1|Profesional|Gerencia|2|8596575|1178100
AnalisisFinanciero|M|56|4|Tecnologia|Ingenieria|3|7557675|1935900
Informatica|F|54|1|Tecnologia|Ingenieria|5|8437650|1196400
DesarrolloSoftware|M|30|2|Maestria|Ingenieria|5|8484150|1818000
Gerencia|M|58|1|Doctorado|Gerencia|4|13479450|1285200
AnalisisdeDatos|F|38|5|Maestria|Administracion|5|9536700|2993700
Mercadeo|F|56|2|Tecnologia|Operaciones|5|8052750|1474800
Gerencia|M|60|4|Profesional|Gerencia|3|11823300|2163900
Ventas|F|28|3|Doctorado|Ventas|3|6717750|2223300
Almacen|F|51|5|Tecnologia|Gerencia|3|6576300|2593500
AnalisisdeDatos|M|41|4|Doctorado|Administracion|1|5028000|2223600
Mercadeo|F|44|2|Doctorado|Gerencia|2|5127300|1222800
Mercadeo|F|38|1|Doctorado|Ingenieria|2|5754450|1261200
DesarrolloSoftware|M|23|2|Maestria|Ingenieria|3|7181550|1978800
AnalisisdeDatos|F|58|2|Doctorado|Ingenieria|2|8122200|1412400
AnalisisFinanciero|F|54|2|Profesional|Ventas|2|8562825|1130400
DesarrolloSoftware|M|20|5|Maestria|Gerencia|2|4976925|3041100
Almacen|M|61|3|Doctorado|Ingenieria|4|9478125|1989000
Logistica|M|55|2|Profesional|Administracion|2|7749600|1362900
Informatica|F|65|5|Maestria|Administracion|4|9090750|2384700
Mercadeo|F|65|3|Tecnologia|Ingenieria|3|7393125|1623000
Informatica|F|59|1|Doctorado|Ingenieria|3|6919275|1172400
AnalisisdeDatos|M|20|1|Tecnologia|Operaciones|2|4619175|1197000
Logistica|F|18|4|Maestria|Administracion|2|3204150|2554500
Logistica|M|53|3|Doctorado|Administracion|3|8328225|1751400
AnalisisdeDatos|M|18|5|Doctorado|Administracion|4|4440900|3062700
AnalisisdeDatos|M|65|2|Maestria|Ventas|2|9654750|974100
Logistica|M|49|5|Maestria|Operaciones|2|5456550|2404200
DisenoGrafico|F|34|1|Doctorado|Operaciones|3|5648700|1758300
AnalisisdeDatos|M|29|5|Tecnologia|Administracion|1|5071275|2722500
AnalisisFinanciero|F|65|1|Tecnologia|Administracion|2|7249875|793500
Informatica|F|28|1|Doctorado|Ventas|5|7919850|1614000
Informatica|F|37|3|Tecnologia|Ventas|2|4249200|1774200
DesarrolloSoftware|M|39|4|Doctorado|Gerencia|1|6911550|2292600
Ventas|M|61|5|Doctorado|Gerencia|1|7685475|2540400
AnalisisFinanciero|F|42|5|Profesional|Ingenieria|5|8523000|2628600
AnalisisFinanciero|M|45|4|Maestria|Gerencia|2|7390125|2400300
AnalisisFinanciero|M|32|4|Maestria|Ventas|3|5859900|2410500
Informatica|M|62|1|Doctorado|Gerencia|2|7932825|893400
Gerencia|M|18|1|Maestria|Gerencia|5|8667525|1432500
Mercadeo|M|51|2|Doctorado|Ventas|1|4695000|1290000
DisenoGrafico|F|27|4|Doctorado|Ventas|1|4959375|2539500
DesarrolloSoftware|M|27|5|Doctorado|Gerencia|4|7203000|3015000
Informatica|M|57|3|Tecnologia|Ventas|3|8223375|1641600
Logistica|M|30|4|Maestria|Operaciones|1|5885400|2531700
AnalisisFinanciero|M|65|4|Maestria|Ventas|1|8355225|1523400
DisenoGrafico|M|27|4|Profesional|Ventas|5|8601000|2541600
Logistica|M|20|2|Tecnologia|Ventas|2|5113125|1709400
Almacen|M|61|3|Tecnologia|Gerencia|3|7967475|1737600
Almacen|F|42|1|Doctorado|Operaciones|5|9418050|1706400
Logistica|F|47|2|Maestria|Operaciones|2|5850150|1552500
Gerencia|M|48|3|Profesional|Gerencia|5|10413825|2078700
Informatica|M|27|3|Doctorado|Operaciones|3|6790650|2266200
Logistica|M|39|5|Tecnologia|Ingenieria|4|7513725|2649600
AnalisisFinanciero|F|30|4|Maestria|Administracion|5|8550525|2774400
Informatica|M|40|3|Profesional|Administracion|3|5841075|1670700
Ventas|F|57|5|Maestria|Operaciones|3|7374075|2694000
Gerencia|M|20|4|Profesional|Ventas|2|8035500|2459700
Informatica|F|30|4|Maestria|Ingenieria|2|6073575|2460300
Mercadeo|F|25|1|Tecnologia|Ventas|1|2980575|1494300
Logistica|M|37|4|Profesional|Ingenieria|3|5256600|2473200
Ventas|M|30|4|Maestria|Ventas|5|8637375|2652300
DisenoGrafico|M|49|5|Profesional|Gerencia|4|8016525|2504100
AnalisisdeDatos|M|59|4|Maestria|Ventas|1|7243650|1905000
AnalisisFinanciero|F|61|1|Maestria|Ingenieria|4|10428150|894600
Gerencia|M|40|2|Profesional|Administracion|2|9366825|1630800
Mercadeo|M|42|2|Maestria|Gerencia|5|8297700|1571700
Ventas|M|21|5|Tecnologia|Ingenieria|5|6778950|2838300
Almacen|F|38|3|Profesional|Administracion|5|6997950|2479500
Logistica|M|35|2|Tecnologia|Administracion|5|6957000|1447800
Logistica|F|45|1|Profesional|Ventas|2|5036250|976500
Gerencia|M|55|1|Tecnologia|Gerencia|5|12240600|1228500
Gerencia|M|53|4|Profesional|Ventas|2|9112950|1836600
Informatica|M|47|5|Doctorado|Operaciones|1|6159450|2091300
Mercadeo|F|18|3|Tecnologia|Ingenieria|2|2565600|1986000
Informatica|F|53|1|Tecnologia|Administracion|2|8412675|828900
Mercadeo|F|23|4|Maestria|Ingenieria|4|4443825|2578800
Mercadeo|F|49|4|Maestria|Ventas|3|5760450|1998600
DesarrolloSoftware|M|60|3|Doctorado|Gerencia|5|10922400|1931700
DesarrolloSoftware|F|28|3|Doctorado|Ingenieria|4|7782225|2514900
AnalisisdeDatos|F|57|3|Maestria|Operaciones|3|8495550|1855800
Logistica|F|63|1|Maestria|Gerencia|4|8698575|798300
Almacen|M|26|3|Tecnologia|Ventas|3|5470875|2183700
Mercadeo|F|50|5|Doctorado|Administracion|1|6149625|2352000
Ventas|F|50|1|Maestria|Ventas|3|7970925|1167600
DesarrolloSoftware|M|26|3|Tecnologia|Ventas|2|4614525|1903500
DisenoGrafico|F|51|5|Profesional|Operaciones|3|8118075|2580600
Informatica|M|59|3|Maestria|Ventas|2|7424625|1378800
Ventas|F|34|1|Tecnologia|Gerencia|5|7705875|1890900
DesarrolloSoftware|M|58|5|Tecnologia|Gerencia|3|9011700|2160000
AnalisisFinanciero|M|29|5|Maestria|Ingenieria|5|8326425|3012600
AnalisisdeDatos|M|45|3|Doctorado|Administracion|5|9152775|2444100
Logistica|F|42|4|Maestria|Gerencia|4|8009100|2692200
AnalisisdeDatos|M|44|3|Maestria|Gerencia|3|8601975|2049600
DesarrolloSoftware|M|59|4|Tecnologia|Operaciones|4|9361275|2180400
DisenoGrafico|M|30|2|Maestria|Gerencia|4|5291925|1949100
AnalisisdeDatos|F|55|3|Doctorado|Administracion|1|8127450|1532400
Mercadeo|F|36|4|Tecnologia|Operaciones|5|6878475|2288100
Gerencia|M|41|1|Maestria|Ventas|2|8984550|1113600
DisenoGrafico|F|43|1|Doctorado|Ingenieria|1|6047625|1296600
AnalisisFinanciero|M|64|1|Doctorado|Operaciones|5|10588950|1024500
Ventas|M|36|2|Tecnologia|Gerencia|1|3716475|1735200
Almacen|M|49|5|Tecnologia|Ventas|4|8206425|2512500
Almacen|M|23|1|Tecnologia|Administracion|4|6938700|1759800
Informatica|F|42|3|Tecnologia|Ingenieria|2|5261775|1804800
Ventas|F|35|4|Doctorado|Ventas|1|6363300|2161500
DisenoGrafico|M|59|1|Doctorado|Ventas|4|10163400|1186500
Logistica|F|24|4|Tecnologia|Administracion|5|6828675|3112500
Gerencia|M|52|1|Tecnologia|Gerencia|1|8255850|510900
Informatica|M|33|2|Maestria|Ventas|1|6365850|1502700
Mercadeo|F|50|5|Tecnologia|Operaciones|1|5278050|2239800
Logistica|F|42|1|Maestria|Ventas|5|9008400|1521000
AnalisisFinanciero|M|35|4|Profesional|Administracion|4|6773025|2298900
Mercadeo|F|39|5|Profesional|Ventas|5|7753800|2750400
Logistica|M|18|3|Doctorado|Operaciones|3|4223850|2522100
AnalisisFinanciero|F|58|3|Doctorado|Ingenieria|1|7388400|1364400
Ventas|M|64|3|Doctorado|Ventas|2|9119175|1539900
Gerencia|M|31|3|Doctorado|Ingenieria|2|8298225|2187300
AnalisisdeDatos|F|40|1|Maestria|Gerencia|5|7537875|1387800
Mercadeo|F|35|5|Doctorado|Ingenieria|5|7303200|2869200
Mercadeo|F|37|4|Doctorado|Administracion|3|6452700|2270100
Ventas|M|40|2|Tecnologia|Administracion|3|6344400|1390500
Mercadeo|F|34|1|Profesional|Ingenieria|2|2914125|1350900
DisenoGrafico|M|58|2|Maestria|Operaciones|1|7245675|913200
DesarrolloSoftware|M|30|2|Profesional|Administracion|4|6244800|1875300
Gerencia|M|41|1|Profesional|Administracion|5|9236475|1233300
Almacen|M|25|2|Maestria|Ingenieria|1|4359750|1898100
Informatica|F|43|5|Doctorado|Administracion|5|9529650|2885700
Mercadeo|F|45|3|Profesional|Ingenieria|4|6387075|2004600
Informatica|M|27|1|Tecnologia|Gerencia|3|4312500|1099500
Gerencia|F|41|3|Doctorado|Gerencia|1|8475675|2043600
DesarrolloSoftware|M|65|4|Tecnologia|Ingenieria|1|7694775|1781100
Gerencia|M|47|1|Maestria|Ingenieria|4|11686950|1489200
AnalisisdeDatos|F|48|2|Profesional|Administracion|3|5982375|1598700
Almacen|F|22|3|Profesional|Ventas|4|5764875|2443500
Almacen|M|21|5|Doctorado|Gerencia|1|3656625|2979300
DesarrolloSoftware|M|49|3|Maestria|Administracion|1|6170775|1638000
Mercadeo|F|34|3|Tecnologia|Ventas|5|5978025|2158800
Almacen|M|48|5|Doctorado|Gerencia|2|5147925|2865900
Gerencia|M|21|2|Doctorado|Operaciones|3|6723600|1971900
Almacen|F|45|1|Tecnologia|Administracion|5|8022225|1525200
Logistica|F|65|1|Doctorado|Operaciones|3|9339750|1094100
Ventas|M|53|2|Maestria|Gerencia|5|7584975|1410000
Logistica|M|63|3|Doctorado|Gerencia|4|9639000|1845300
Ventas|M|44|5|Maestria|Administracion|2|7506825|2755500
DesarrolloSoftware|M|60|4|Maestria|Ventas|5|11675700|1975800
AnalisisFinanciero|M|44|5|Maestria|Administracion|4|8953575|2803500
DisenoGrafico|F|26|2|Maestria|Administracion|5|7538700|2021100
DesarrolloSoftware|M|62|1|Tecnologia|Ventas|3|9961125|1010100
DisenoGrafico|M|20|2|Maestria|Ingenieria|5|7465725|1833300
Ventas|M|22|5|Tecnologia|Administracion|1|4333725|2791800
Mercadeo|F|62|3|Doctorado|Operaciones|5|9243150|1635900
Mercadeo|F|26|5|Doctorado|Operaciones|4|6022950|2769900
AnalisisdeDatos|M|35|2|Profesional|Operaciones|5|7421925|1971600
Almacen|M|48|5|Profesional|Ventas|1|4657275|2122500
Informatica|M|18|4|Maestria|Administracion|4|5239125|2504100
Ventas|F|29|3|Tecnologia|Gerencia|3|4856550|2213100
Logistica|F|60|2|Doctorado|Ventas|3|8485500|1223700
Mercadeo|F|20|5|Maestria|Administracion|4|5721450|2843700
Gerencia|M|56|3|Maestria|Ingenieria|4|11232825|1648500
DisenoGrafico|M|29|1|Maestria|Operaciones|3|5485650|1413600
Gerencia|F|55|1|Tecnologia|Administracion|3|10172850|847200
AnalisisdeDatos|M|38|5|Tecnologia|Ventas|2|6070275|2500500
AnalisisFinanciero|F|43|5|Tecnologia|Ventas|5|8488500|2726700
Informatica|F|36|3|Doctorado|Gerencia|3|5663850|2013300
Ventas|F|63|4|Doctorado|Ingenieria|3|9567075|2265600
AnalisisdeDatos|F|29|3|Tecnologia|Gerencia|4|5497950|2329500
Logistica|M|49|4|Maestria|Administracion|5|8897175|2022000
Almacen|M|31|4|Tecnologia|Ingenieria|2|4980525|2256600
AnalisisFinanciero|M|26|5|Profesional|Ingenieria|4|7964550|2826300
DisenoGrafico|F|48|4|Profesional|Administracion|4|7734975|2337900
DesarrolloSoftware|F|57|1|Profesional|Ingenieria|3|8784825|697200
Logistica|M|55|2|Maestria|Operaciones|3|7192350|1292700
Ventas|M|51|3|Tecnologia|Gerencia|2|7387425|1882200
AnalisisFinanciero|F|54|1|Maestria|Operaciones|2|6824925|888900
Gerencia|M|19|4|Doctorado|Ventas|5|8937150|2818500
AnalisisdeDatos|M|62|4|Profesional|Operaciones|3|7030650|1974000
Almacen|F|22|2|Maestria|Ventas|2|5122500|1785900
AnalisisdeDatos|M|62|3|Tecnologia|Operaciones|2|7596300|1497900
AnalisisFinanciero|F|46|4|Profesional|Administracion|4|8756850|2323200
AnalisisFinanciero|F|23|1|Tecnologia|Gerencia|4|5856300|1679400
Logistica|M|40|3|Tecnologia|Ventas|2|6617250|1653600
Almacen|F|47|2|Profesional|Administracion|2|6568125|1326600
DisenoGrafico|F|18|2|Profesional|Administracion|1|3120225|1827600
AnalisisFinanciero|F|33|2|Doctorado|Administracion|1|3806850|1615800
Almacen|F|57|5|Doctorado|Administracion|2|6481725|2417400
Informatica|F|48|3|Tecnologia|Gerencia|1|4581075|1901100
Logistica|M|24|2|Profesional|Ingenieria|3|6097575|1713900
Logistica|M|40|5|Profesional|Gerencia|2|7306050|2649900
Almacen|M|24|1|Profesional|Ingenieria|3|5352825|1566000
AnalisisdeDatos|M|23|3|Maestria|Administracion|1|4706475|2172600
AnalisisdeDatos|F|53|2|Maestria|Ingenieria|2|6357300|1322700
DisenoGrafico|M|54|3|Tecnologia|Gerencia|3|7512000|1668600
Mercadeo|F|32|2|Profesional|Ventas|3|5505300|1511400
Gerencia|M|48|4|Profesional|Gerencia|1|8200950|2319000
Gerencia|M|63|5|Maestria|Operaciones|1|9756975|1924800
Mercadeo|F|62|3|Maestria|Ingenieria|2|5830650|1629000
AnalisisFinanciero|M|24|4|Maestria|Administracion|1|5081175|2555100
Mercadeo|F|24|3|Maestria|Operaciones|5|6175350|2224200
Logistica|M|41|2|Maestria|Administracion|4|7184625|1469400
AnalisisFinanciero|M|55|3|Profesional|Operaciones|1|6351225|1342800
Logistica|M|27|3|Profesional|Ingenieria|5|6725850|2333400
DesarrolloSoftware|M|53|3|Tecnologia|Gerencia|3|7960950|1985400
Informatica|M|52|2|Profesional|Administracion|5|7035150|1621200
AnalisisFinanciero|F|27|4|Tecnologia|Administracion|4|6570600|2253300
Ventas|M|18|4|Maestria|Operaciones|5|6808500|2805900
Ventas|M|62|1|Maestria|Administracion|2|7694475|546900
DisenoGrafico|F|48|1|Tecnologia|Operaciones|5|8509875|1153800
Logistica|M|53|3|Doctorado|Ventas|2|7570575|1797600
DesarrolloSoftware|M|59|5|Maestria|Ingenieria|1|8221725|2069100
DisenoGrafico|F|55|2|Profesional|Administracion|3|8362650|1323900
DesarrolloSoftware|M|56|5|Profesional|Operaciones|3|8052450|2332200
DesarrolloSoftware|M|18|1|Tecnologia|Ventas|1|4166625|1317000
Ventas|M|35|5|Maestria|Gerencia|5|7725525|3153600
AnalisisFinanciero|F|50|3|Doctorado|Operaciones|2|7094250|1598100
Almacen|F|55|2|Doctorado|Administracion|3|6408975|1540500
AnalisisFinanciero|F|43|3|Profesional|Ventas|5|8705175|1929600
Informatica|F|47|2|Doctorado|Administracion|3|7756200|1660800
Mercadeo|M|33|3|Doctorado|Administracion|2|3991500|1545900
Gerencia|M|23|3|Profesional|Ventas|3|8294550|2025900
AnalisisFinanciero|M|41|5|Maestria|Ingenieria|3|7389825|2056500
Logistica|F|52|4|Profesional|Administracion|2|5906250|1999800
AnalisisdeDatos|F|61|5|Maestria|Gerencia|2|7275000|2327100
Almacen|M|23|2|Profesional|Gerencia|4|6149100|2148000
DesarrolloSoftware|M|29|1|Tecnologia|Ventas|1|6498750|1055400
AnalisisFinanciero|F|41|2|Doctorado|Operaciones|3|6834675|1447500
AnalisisFinanciero|F|43|5|Doctorado|Gerencia|3|8816550|2510700
AnalisisdeDatos|F|57|1|Doctorado|Operaciones|2|8560575|1123800
DesarrolloSoftware|M|53|4|Tecnologia|Operaciones|1|6691875|1725300
Ventas|M|49|2|Maestria|Operaciones|2|7585500|1455300
Gerencia|M|36|2|Maestria|Ventas|3|10083750|1564200
AnalisisFinanciero|M|38|3|Maestria|Administracion|1|6347100|1704000
Almacen|F|31|4|Doctorado|Operaciones|5|7586550|3097200
DesarrolloSoftware|M|52|4|Maestria|Administracion|5|10488075|2292300
Gerencia|M|29|4|Doctorado|Ingenieria|5|10996125|3051900
Almacen|M|37|4|Tecnologia|Gerencia|3|6226875|2431500
DisenoGrafico|F|58|4|Doctorado|Ventas|3|8161500|2332800
Ventas|F|61|2|Profesional|Ventas|1|7267500|1247100
Gerencia|M|56|2|Doctorado|Administracion|4|11406075|1386300
AnalisisFinanciero|M|24|5|Doctorado|Ventas|3|6249225|2798700
Informatica|M|59|5|Doctorado|Operaciones|1|5965800|2028000
AnalisisdeDatos|M|58|5|Tecnologia|Operaciones|1|6498825|2175000
AnalisisdeDatos|F|21|5|Doctorado|Operaciones|3|5298225|3009900
DesarrolloSoftware|M|18|5|Profesional|Operaciones|3|6026625|2983500
AnalisisdeDatos|F|49|5|Profesional|Operaciones|3|5339475|2499300
AnalisisFinanciero|M|24|2|Doctorado|Ingenieria|3|5369250|1753500
Gerencia|M|60|2|Profesional|Ventas|1|9898500|1152300
Mercadeo|F|30|3|Maestria|Administracion|1|2883825|1668600
Ventas|M|50|2|Maestria|Ingenieria|5|9335250|1636200
Ventas|F|58|1|Profesional|Operaciones|3|6509625|1035900
AnalisisFinanciero|M|60|1|Doctorado|Ventas|2|9233100|673200
Logistica|F|54|4|Profesional|Gerencia|2|6599850|2108400
